{
  "version": "1.0",
  "exported": "2026-06-24T10:09:30.434Z",
  "note": "Lägg i repot som calibration.json för auto-laddning",
  "calibrations": {
    "anten": {
      "sw": [
        57.9847955560469,
        12.43582124075763
      ],
      "ne": [
        58.08691156096157,
        12.589531978692811
      ],
      "depthCal": {
        "shallowColor": {
          "r": 205,
          "g": 210,
          "b": 226
        },
        "deepColor": {
          "r": 102,
          "g": 118,
          "b": 170
        },
        "maxDepth": 30
      }
    },
    "mjorn": {
      "sw": [
        57.822465141682756,
        12.304475709936822
      ],
      "ne": [
        57.98219334809136,
        12.518110751908527
      ],
      "depthCal": {
        "shallowColor": {
          "r": 171,
          "g": 15,
          "b": 37
        },
        "deepColor": {
          "r": 58,
          "g": 56,
          "b": 149
        },
        "maxDepth": 48
      }
    },
    "ivosjon": {
      "sw": [
        56.045808312713696,
        14.347563449044157
      ],
      "ne": [
        56.17280700182144,
        14.514713145738947
      ],
      "depthCal": {
        "shallowColor": {
          "r": 91,
          "g": 184,
          "b": 254
        },
        "deepColor": {
          "r": 209,
          "g": 251,
          "b": 255
        },
        "maxDepth": 50
      }
    }
  }
}
