{
  "version": "1.0",
  "exported": "2026-06-23T16:39:49.814Z",
  "note": "Lägg i repot som calibration.json för auto-laddning",
  "calibrations": {
    "anten": {
      "sw": [
        57.984157948425,
        12.43577113354542
      ],
      "ne": [
        58.08719794482864,
        12.58947030956917
      ]
    },
    "mjorn": {
      "sw": [
        57.82188989980644,
        12.303949455116495
      ],
      "ne": [
        57.982210343269266,
        12.518063496858288
      ]
    },
    "ivosjon": {
      "sw": [
        56.045873567453796,
        14.347637363758052
      ],
      "ne": [
        56.1728114728328,
        14.514655166730089
      ]
    }
  }
}
